{
  "project_info": {
    "project_number": "113993082472",
    "project_id": "olioauth",
    "storage_bucket": "olioauth.appspot.com"
  },
  "client": [
    {
      "client_info": {
        "mobilesdk_app_id": "1:113993082472:android:685c0e3ccf7978ac47fddd",
        "android_client_info": {
          "package_name": "com.example.olioharjoitusty"
        }
      },
      "oauth_client": [
        {
          "client_id": "113993082472-cqac0ds77ksop7mqcf9s76f6nulqom0o.apps.googleusercontent.com",
          "client_type": 3
        }
      ],
      "api_key": [
        {
          "current_key": "AIzaSyDmibq5DWaoc6dD1ZuTwOZh4NHjhyAG5vM"
        }
      ],
      "services": {
        "appinvite_service": {
          "other_platform_oauth_client": [
            {
              "client_id": "113993082472-cqac0ds77ksop7mqcf9s76f6nulqom0o.apps.googleusercontent.com",
              "client_type": 3
            }
          ]
        }
      }
    }
  ],
  "configuration_version": "1"
}